Spider-Man Far From Home,<button onclick="window.location.href = 'https://freestream.us.to/play.html?s=I1lW3ASS#3AVkIOXZVpxrptiDJD00-FWkLG6QFje5BzPWDgNOAks&t=mega&name=Spider-Man Far From Home';">Stream</button>,<button onclick="window.location.href = 'https://mega.nz/file/I1lW3ASS#3AVkIOXZVpxrptiDJD00-FWkLG6QFje5BzPWDgNOAks';">Download</button>

Rick and Morty S1,,<button onclick="window.location.href = 'https://mega.nz/file/g5JTGYaT#xh03H6HTWckCSTC1hxhl5CrUe0B50IgteamTVohpC2M';">Download</button>
Rick and Morty S2,,<button onclick="window.location.href = 'https://mega.nz/file/9Ax2RCRJ#gAQ43Splel5EXtKm5giP2VyQL4P7cbxysGsX27i33l4';">Download</button>
Rick and Morty S3,,<button onclick="window.location.href = 'https://mega.nz/file/3FpUyRYa#9ebafTFGQn27GuHHiHyFOmnyHMHab_yilxO7ZUdHjgo';">Download</button>
Rick and Morty S4,,<button onclick="window.location.href = 'https://freestream.us.to/search';">IN PROGRESS</button>
Rick and Morty S5,,<button onclick="window.location.href = 'https://www.mediafire.com/file/h68nguaxm6x1woa/Rick+and+Morty+Staffel+5.zip/file';">Download</button>

La casa de papel (Haus des Geldes) S1,,<button onclick="window.location.href = 'https://mega.nz/file/CzpylJBb#YrbemmTRqWuIwsKXzOg6sLXd5HcDur5g6k5Ll-VqiuM';">Download</button>
La casa de papel (Haus des Geldes) S2,,<button onclick="window.location.href = 'https://mega.nz/file/XWwS1ZZR#cLcdtF4Qk7qFFksJmNGNNFFHIhlLGFRHtMTihwI54Z0';">Download</button>
La casa de papel (Haus des Geldes) S3,,<button onclick="window.location.href = 'https://mega.nz/file/xkYHnYbZ#TZ3C4k2vWNbV-5e9QFXog-Fdi7pMz9qQEajhmxWOtTk';">Download</button>
La casa de papel (Haus des Geldes) S4,,<button onclick="window.location.href = 'https://www.mediafire.com/file/kwpjak0mw8901yi/Haus+des+Geldes+Staffel+4.zip/file';">Download</button>
La casa de papel (Haus des Geldes) S5,,<button onclick="window.location.href = 'https://freestream.us.to/search';">IN PROGRESS</button>

James Bond 007 - Stirb an einem anderen Tag (2002),<button onclick="window.location.href = 'https://freestream.us.to/play.html?s=PU5WBb5R#QDU8AAdSf8GsnJhYocM8MRwNSt1ZinVOja8OO8foqMs&t=mega&name=James Bond 007 - Stirb an einem anderen Tag (2002)';">Stream</button>,<button onclick="window.location.href = 'https://mega.nz/file/PU5WBb5R#QDU8AAdSf8GsnJhYocM8MRwNSt1ZinVOja8OO8foqMs';">Download</button>

Lifeâ€™s a Glitch with Julien Bam S1,,<button onclick="window.location.href = 'https://www.mediafire.com/file/x52xk8xenifhjxe/Lifes+a+Glitch+Staffel+1.zip/file';">Download</button>

Loki S1,,<button onclick="window.location.href = 'https://mega.nz/file/6Z4wzQBZ#lf4tjwNQhLIMU8D2XDC43Jibkj-2TxGwYNxb0vPi94U';">Download</button>

Harry Potter ALL MOVIES,,<button onclick="window.location.href = 'https://mega.nz/folder/J8x3QSAD#hK-56LKl0frM4OT6-yq4VQ';">Download</button>

How to sell drugs online (fast) S1,,<button onclick="window.location.href = 'https://www.mediafire.com/file/7kffv5391zt1kry/How+To+Sell+Drugs+Online+(Fast)+Staffel+1.zip/file';">Download</button>
How to sell drugs online (fast) S2,,<button onclick="window.location.href = 'https://www.mediafire.com/file/4d4cimp75gerljd/How+to+Sell+Drugs+Online+(Fast)+Staffel+2.zip/file';">Download</button>
How to sell drugs online (fast) S3,,<button onclick="window.location.href = 'https://www.mediafire.com/file/b0vgx4g84ctuyp5/How+to+sell+drugs+online+(fast)+Staffel+3.zip/file';">Download</button>

Venom (2018),,<button onclick="window.location.href = 'https://www.mediafire.com/file/nskiyyp0rrn66yd/Venom+(2018).mp4/file';">Download</button>

Black Widow (2021),<button onclick="window.location.href = 'https://freestream.us.to/play.html?s=TZ4VSaYB#i23Zw0qPqhRDVe6YXLLKPmyNmj1eB_s9WFw5ydMXlcA&t=mega&name=Black Widow (2021)';">Stream</button>,<button onclick="window.location.href = 'https://mega.nz/file/TZ4VSaYB#i23Zw0qPqhRDVe6YXLLKPmyNmj1eB_s9WFw5ydMXlcA';">Download</button>

Das Leben des Brian - Life of Brian (1979),<button onclick="window.location.href = 'https://freestream.us.to/play.html?sXUoz3AKb#io0CbnWMCWjRZCh22_LMI0hjDp0hRerPNkl69_VHLKU&t=mega&name=Das Leben des Brian - Life of Brian (1979)';">Stream</button>,<button onclick="window.location.href = 'https://mega.nz/file/XUoz3AKb#io0CbnWMCWjRZCh22_LMI0hjDp0hRerPNkl69_VHLKU';">Download</button>

Spider-Man A New Universe,<button onclick="window.location.href = 'https://freestream.us.to/play.html?s=2E4iyISS#uXqsx7FT7lKFfDVE9nmorOI_D6Zt-MSikcY1BB9I6kA&t=mega&name=Spider-Man A New Universe';">Stream</button>,<button onclick="window.location.href = 'https://mega.nz/file/2E4iyISS#uXqsx7FT7lKFfDVE9nmorOI_D6Zt-MSikcY1BB9I6kA';">Download</button>

Lupin S2,,<button onclick="window.location.href = 'https://mega.nz/file/NZhRiYhI#11R8uchKvdIK7N9k5x2ZF_mh3gnqheKoHPm91DyWSwM';">Download</button>

Phantastische Tierwesen 2 - Grindelwalds Verbrechen,<button onclick="window.location.href = 'https://freestream.us.to/play.html?s=ghlDRCTA#GYTFPV_vFkOpsiOMMesjjCAm-ttdR5TSxcNQ8orD34w&t=mega&name=Phantastische Tierwesen 2 - Grindelwalds Verbrechen';">Stream</button>,<button onclick="window.location.href = 'https://mega.nz/file/ghlDRCTA#GYTFPV_vFkOpsiOMMesjjCAm-ttdR5TSxcNQ8orD34w';">Download</button>

Two and a Half Men S01E01 Stur zwanghaft und unflexibel,<button onclick="window.location.href = 'https://freestream.us.to/play.html?s=6fipqjgq45nx&t=vup&name=Two and a Half Men S01E01 Stur zwanghaft und unflexibel';">Stream</button>,<button onclick="window.location.href = 'https://vupload.com/v/6fipqjgq45nx';">Download</button>
Two and a Half Men S01E02 Der Sockengolf Champion,<button onclick="window.location.href = 'https://freestream.us.to/play.html?s=8bj2zxjz7wzi&t=vup&name=Two and a Half Men S01E02 Der Sockengolf Champion';">Stream</button>,<button onclick="window.location.href = 'https://vupload.com/v/8bj2zxjz7wzi';">Download</button>
Two and a Half Men S01E03 War das Beethoven,<button onclick="window.location.href = 'https://freestream.us.to/play.html?s=n9ybc868ch73&t=vup&name=Two and a Half Men S01E03 War das Beethoven';">Stream</button>,<button onclick="window.location.href = 'https://vupload.com/v/n9ybc868ch73';">Download</button>
Two and a Half Men S01E04 Ich brauche Berta,<button onclick="window.location.href = 'https://freestream.us.to/play.html?s=voe4769jtonb&t=vup&name=Two and a Half Men S01E04 Ich brauche Berta';">Stream</button>,<button onclick="window.location.href = 'https://vupload.com/v/voe4769jtonb';">Download</button>
Two and a Half Men S01E05 Der Mittwochs Mann,<button onclick="window.location.href = 'https://freestream.us.to/play.html?s=tal11c526jup&t=vup&name=Two and a Half Men S01E05 Der Mittwochs Mann';">Stream</button>,<button onclick="window.location.href = 'https://vupload.com/v/tal11c526jup';">Download</button>
Two and a Half Men S01E06 Gib dir keine Muehe Charlie,<button onclick="window.location.href = 'https://freestream.us.to/play.html?s=sdgr1k8s304y&t=vup&name=Two and a Half Men S01E06 Gib dir keine Muehe Charlie';">Stream</button>,<button onclick="window.location.href = 'https://vupload.com/v/sdgr1k8s304y';">Download</button>
Two and a Half Men S01E07 Ich verstehe,<button onclick="window.location.href = 'https://freestream.us.to/play.html?s=0jxewwyihur2&t=vup&name=Two and a Half Men S01E07 Ich verstehe';">Stream</button>,<button onclick="window.location.href = 'https://vupload.com/v/0jxewwyihur2';">Download</button>
Two and a Half Men S01E08 Die Industrielle Revolutions Show,<button onclick="window.location.href = 'https://freestream.us.to/play.html?s=9z0pvffrg1sl&t=vup&name=Two and a Half Men S01E08 Die Industrielle Revolutions Show';">Stream</button>,<button onclick="window.location.href = 'https://vupload.com/v/9z0pvffrg1sl';">Download</button>



Emtpy,<button onclick="window.location.href = 'https://freestream.us.to/search';">Stream</button>,<button onclick="window.location.href = 'https://freestream.us.to/search';">Download</button>
