Wie behebe ich den Fehler? AdBlock Detected!,iZgb0wgFg7c,yt,Tutorial,Um nervige Werbung zu blockieren laden Sie sich das Addon uBlockOrigin herunter. Wenn ihr Stream deshalb nicht abgespielt werden kann laden Sie ihre Filterlisten neu. Dies wird in diesem Video erklärt. Danach müssen Sie die Seite neu laden oder den Browser neu starten. Der Stream sollte nun ohne Werbung funktionieren!

Gran Torino (2008),jtwelun4kh6x,supervideo

The Gangster the Cop the Devil,odfgmpty5swf,voe
Baby Driver (2017) German,x1umk3t3bmau,voe

The Rookie S05E01 Der Prozess,wmlpjlir8lmn,voe
The Rookie S05E02 Neue Wege,12m1mpzz1tg6,voe
The Rookie S05E03 Die Jaeger,oaqbut7wo40a,voe
The Rookie S05E04 Die Henkersmahlzeit,1p615ptlj3ye,ds2play
The Rookie S05E05 Der Fluechtige,a6colcbuqhtf,voe
The Rookie S05E06 Alte Wunden,izmiitgdia34,vidoza
The Rookie S05E07 Kreuzfeuer,t7xmhht18nae,voe
The Rookie S05E08 Das Halsband,dw811wvqu5qj,voe
The Rookie S05E09 Rueckschlag,woz3eqgnevib,voe
The Rookie S05E10 Die Liste,114sce3elwrs,voe
The Rookie S05E11 Die Nackten und die Toten,zsul3rmu4wpw,voe
The Rookie S05E12 Die Transplantation,yaivdywcg1jc,voe
The Rookie S05E13 Daddy Cop,plaaixshogsc,voe
The Rookie S05E14 Todesurteil,euyb9vuos7z3,voe
The Rookie S05E15 Die Falle,xqxtgg0705es,voe
The Rookie S05E16 Armee der Freiheit,lzxdgweoyfkd,voe
The Rookie S05E17 Lebensluegen,0tgs93gju8wu,voe
The Rookie S05E18 Double Trouble,pfkg0isz3xa0,voe
The Rookie S05E19 Die Welt hat ein Loch,ikeztq2k0nfu,voe
The Rookie S05E20 Rein hypothetisch,mpkaqzbvbkht,voe
The Rookie S05E21 Das Bein,qzzchvnjqytd,voe
The Rookie S05E22 Unter Beschuss,hddgkuwz3klf,voe

Kevin – Allein zu Haus German,t8k1790tutl1,voe
Oppenheimer (2023) German,8wrcpolvkmjn,voe

Rick and Morty S05 German,h68nguaxm6x1woa,mfire,Download
La casa de papel (Haus des Geldes) S04 German,kwpjak0mw8901yi,mfire,Download
James Bond 007 - Stirb an einem anderen Tag (2002),PU5WBb5R#QDU8AAdSf8GsnJhYocM8MRwNSt1ZinVOja8OO8foqMs,mega
Lifes a Glitch with Julien Bam S01 German,x52xk8xenifhjxe,mfire,Download

How to sell drugs online (fast) S01 German,7kffv5391zt1kry,mfire,Download
How to sell drugs online (fast) S02 German,4d4cimp75gerljd,mfire,Download
How to sell drugs online (fast) S03 German,b0vgx4g84ctuyp5,mfire,Download

Venom (2018),nskiyyp0rrn66yd,mfire,Download
Black Widow (2021),TZ4VSaYB#i23Zw0qPqhRDVe6YXLLKPmyNmj1eB_s9WFw5ydMXlcA,mega
Spider-Man A New Universe,2E4iyISS#uXqsx7FT7lKFfDVE9nmorOI_D6Zt-MSikcY1BB9I6kA,mega
Phantastische Tierwesen 2 - Grindelwalds Verbrechen,ghlDRCTA#GYTFPV_vFkOpsiOMMesjjCAm-ttdR5TSxcNQ8orD34w,mega
Blue Story - Gangs of London Deutsch,g34jwIaD#okkREsCIIWdfM-6RM06SpsC6gnxpCVB12zFaizAbetE,mega
Blue Story - Gangs of London English,AvpHGZSB#mKKgR3eu7nQ8hNZgMMnzkR_yuRtAQ88jB2ADICkpehs,mega
Avatar - Aufbruch nach Pandora,hnoXCBIQ#Ldckz57FZ17YhaNSb5_LZtYP09ZB_EeRh5cNhLXkQGk,mega

Two and a Half Men S01E01 Stur zwanghaft und unflexibel German,6fipqjgq45nx,vup
Two and a Half Men S01E02 Der Sockengolf Champion German,8bj2zxjz7wzi,vup
Two and a Half Men S01E03 War das Beethoven German,n9ybc868ch73,vup
Two and a Half Men S01E04 Ich brauche Berta German,voe4769jtonb,vup
Two and a Half Men S01E05 Der Mittwochs Mann German,tal11c526jup,vup
Two and a Half Men S01E06 Gib dir keine Muehe Charlie German,sdgr1k8s304y,vup
Two and a Half Men S01E07 Ich verstehe German,0jxewwyihur2,vup
Two and a Half Men S01E08 Die Industrielle Revolutions Show German,9z0pvffrg1sl,vup
Two and a Half Men S01E09 Phase eins erfolgreich German,rm7l61qtbqil,vup
Two and a Half Men S01E10 Der Truthahn und die Maennlichkeit German,si9zdpeyabws,vup
Two and a Half Men S01E11 Bereit fuer die Grossaufnahme German,qte8wnd6ccm0,vup
Two and a Half Men S01E12 Ich kuemmere mich Prudence German,oxeza3acsz93,vup
Two and a Half Men S01E13 Bett mit Angina German,7o0ya3kco9yq,vup
Two and a Half Men S01E14 Ich kann mir keine Hyaenen leisten German,myp6rpuedirv,vup
Two and a Half Men S01E15 Wer kriegt die Verrueckte Teil1 German,ojm1xmjb4chh,vup
Two and a Half Men S01E16 Wer kriegt die Verrueckte Teil2 German,gsxciftx9wuf,vup
Two and a Half Men S01E17 Hamburger und Muetzen German,wbgxc7y4gbci,vup
Two and a Half Men S01E18 Alte Flamme mit neuem Docht German,csfosxv9osan,vup
Two and a Half Men S01E19 Die Garderobenfrau German,qbskc0tx7p4d,vup
Two and a Half Men S01E20 Ich kann Dunkeln pinkeln German,iv3sa8txyte0,vup
Two and a Half Men S01E21 Fragen Sie ihren Bruder German,gvhlaw7ax77m,vup
Two and a Half Men S01E22 Wollmaeuse und Kuhpuppen German,qfebkisbcm70,vup
Two and a Half Men S01E23 Wie die Bueffel German,30q5k31btij2,vup
Two and a Half Men S01E24 Spueren Sie meinen Finger German,k5lmpdgpq0xz,vup
Two and a Half Men S02E01 Weiche von mir Mary Poppins German,7ipjlrz1mmxs,vup
Two and a Half Men S02E02 Ist das meine Hose German,15nkodk7y567,vup
Two and a Half Men S02E03 Ich bin ein Schmetterling German,r1onvrs54yve,vup
Two and a Half Men S02E04 Her mit Mamis German,73sdhp4h3wf3,vup
Two and a Half Men S02E05 Ich muss frueh raus German,lgiwmo9qooe4,vup
Two and a Half Men S02E06 Der boese Alan German,9tohaffyeirt,vup
Two and a Half Men S02E07 Ich bin eine Aztekenpriesterin German,8hx5x5tpymxr,vup
Two and a Half Men S02E08 Haben wir eine Trittleiter German,fyji1szac1cq,vup
Two and a Half Men S02E09 Ich kann gut mit Babys German,515vaohz2vz7,vup
Two and a Half Men S02E10 Der Lachs unter meiner Bluse German,gga2k0yjh9tp,vup
Two and a Half Men S02E11 Der Busch bin ich German,3ih3w9bmgn60,vup
Two and a Half Men S02E12 Eine Nase voll Alan German,ydpygabp3ecu,vup
Two and a Half Men S02E13 Geh von meinen Haaren runter German,65pl8t0ubgwa,vup
Two and a Half Men S02E14 Kein Truthahnhals fuer Oma German,to75kajdjj3u,vup
Two and a Half Men S02E15 Riech mal Schirmstaender German,ph4qgckwyqnx,vup
Two and a Half Men S02E16 Der vergessene Sohn German,bduktblm6is9,vup
Two and a Half Men S02E17 Lass dir die Zitrone schmecken German,51r4f4z5mway,vup
Two and a Half Men S02E18 Pamela und Purzelchen German,n6rfgdtnqyro,vup
Two and a Half Men S02E19 Der Todestoast German,4dq4m3yz7qfe,vup
Two and a Half Men S02E20 Ich wollte immer einen Nacktaffen German,zwboh53dfozb,vup
Two and a Half Men S02E21 Wo ist die Leiche Sir German,wxftkcqcz0jf,vup
Two and a Half Men S02E22 Es ist kein Frauenauto German,rh59ts6gagld,vup
Two and a Half Men S02E23 Sushi und Ketchup German,ytewcn5nohs5,vup
Two and a Half Men S02E24 Mein schoenstes Wochenderlebnis German,ngbbsgbin9oo,vup
